Original Species,TRIM,CLEAN,TRIM + CLEAN,SUBSTITUTE,Blank Check,Duplicate Check
setosa,setosa,setosa,setosa,Setosa,Complete,Unique
setosa,setosa,setosa,setosa,Setosa,Complete,Duplicate
setosa,setosa,setosa,setosa,Setosa,Complete,Duplicate
setosa,setosa,setosa,setosa,Setosa,Complete,Duplicate
setosa,setosa,setosa,setosa,Setosa,Complete,Duplicate
setosa,setosa,setosa,setosa,Setosa,Complete,Duplicate
setosa,setosa,setosa,setosa,Setosa,Complete,Duplicate
setosa,setosa,setosa,setosa,Setosa,Complete,Duplicate
setosa,setosa,setosa,setosa,Setosa,Complete,Duplicate
setosa,setosa,setosa,setosa,Setosa,Complete,Duplicate
setosa,setosa,setosa,setosa,Setosa,Complete,Duplicate
setosa,setosa,setosa,setosa,Setosa,Complete,Duplicate
setosa,setosa,setosa,setosa,Setosa,Complete,Duplicate
setosa,setosa,setosa,setosa,Setosa,Complete,Duplicate
setosa,setosa,setosa,setosa,Setosa,Complete,Duplicate
setosa,setosa,setosa,setosa,Setosa,Complete,Duplicate
setosa,setosa,setosa,setosa,Setosa,Complete,Duplicate
setosa,setosa,setosa,setosa,Setosa,Complete,Duplicate
setosa,setosa,setosa,setosa,Setosa,Complete,Duplicate
setosa,setosa,setosa,setosa,Setosa,Complete,Duplicate
setosa,setosa,setosa,setosa,Setosa,Complete,Duplicate
setosa,setosa,setosa,setosa,Setosa,Complete,Duplicate
setosa,setosa,setosa,setosa,Setosa,Complete,Duplicate
setosa,setosa,setosa,setosa,Setosa,Complete,Duplicate
setosa,setosa,setosa,setosa,Setosa,Complete,Duplicate
setosa,setosa,setosa,setosa,Setosa,Complete,Duplicate
setosa,setosa,setosa,setosa,Setosa,Complete,Duplicate
setosa,setosa,setosa,setosa,Setosa,Complete,Duplicate
setosa,setosa,setosa,setosa,Setosa,Complete,Duplicate
setosa,setosa,setosa,setosa,Setosa,Complete,Duplicate
setosa,setosa,setosa,setosa,Setosa,Complete,Duplicate
setosa,setosa,setosa,setosa,Setosa,Complete,Duplicate
setosa,setosa,setosa,setosa,Setosa,Complete,Duplicate
setosa,setosa,setosa,setosa,Setosa,Complete,Duplicate
setosa,setosa,setosa,setosa,Setosa,Complete,Duplicate
setosa,setosa,setosa,setosa,Setosa,Complete,Duplicate
setosa,setosa,setosa,setosa,Setosa,Complete,Duplicate
setosa,setosa,setosa,setosa,Setosa,Complete,Duplicate
setosa,setosa,setosa,setosa,Setosa,Complete,Duplicate
setosa,setosa,setosa,setosa,Setosa,Complete,Duplicate
setosa,setosa,setosa,setosa,Setosa,Complete,Duplicate
setosa,setosa,setosa,setosa,Setosa,Complete,Duplicate
setosa,setosa,setosa,setosa,Setosa,Complete,Duplicate
setosa,setosa,setosa,setosa,Setosa,Complete,Duplicate
setosa,setosa,setosa,setosa,Setosa,Complete,Duplicate
setosa,setosa,setosa,setosa,Setosa,Complete,Duplicate
setosa,setosa,setosa,setosa,Setosa,Complete,Duplicate
setosa,setosa,setosa,setosa,Setosa,Complete,Duplicate
setosa,setosa,setosa,setosa,Setosa,Complete,Duplicate
setosa,setosa,setosa,setosa,Setosa,Complete,Duplicate
versicolor,versicolor,versicolor,versicolor,versicolor,Complete,Unique
versicolor,versicolor,versicolor,versicolor,versicolor,Complete,Duplicate
versicolor,versicolor,versicolor,versicolor,versicolor,Complete,Duplicate
versicolor,versicolor,versicolor,versicolor,versicolor,Complete,Duplicate
versicolor,versicolor,versicolor,versicolor,versicolor,Complete,Duplicate
versicolor,versicolor,versicolor,versicolor,versicolor,Complete,Duplicate
versicolor,versicolor,versicolor,versicolor,versicolor,Complete,Duplicate
versicolor,versicolor,versicolor,versicolor,versicolor,Complete,Duplicate
versicolor,versicolor,versicolor,versicolor,versicolor,Complete,Duplicate
versicolor,versicolor,versicolor,versicolor,versicolor,Complete,Duplicate
versicolor,versicolor,versicolor,versicolor,versicolor,Complete,Duplicate
versicolor,versicolor,versicolor,versicolor,versicolor,Complete,Duplicate
versicolor,versicolor,versicolor,versicolor,versicolor,Complete,Duplicate
versicolor,versicolor,versicolor,versicolor,versicolor,Complete,Duplicate
versicolor,versicolor,versicolor,versicolor,versicolor,Complete,Duplicate
versicolor,versicolor,versicolor,versicolor,versicolor,Complete,Duplicate
versicolor,versicolor,versicolor,versicolor,versicolor,Complete,Duplicate
versicolor,versicolor,versicolor,versicolor,versicolor,Complete,Duplicate
versicolor,versicolor,versicolor,versicolor,versicolor,Complete,Duplicate
versicolor,versicolor,versicolor,versicolor,versicolor,Complete,Duplicate
versicolor,versicolor,versicolor,versicolor,versicolor,Complete,Duplicate
versicolor,versicolor,versicolor,versicolor,versicolor,Complete,Duplicate
versicolor,versicolor,versicolor,versicolor,versicolor,Complete,Duplicate
versicolor,versicolor,versicolor,versicolor,versicolor,Complete,Duplicate
versicolor,versicolor,versicolor,versicolor,versicolor,Complete,Duplicate
versicolor,versicolor,versicolor,versicolor,versicolor,Complete,Duplicate
versicolor,versicolor,versicolor,versicolor,versicolor,Complete,Duplicate
versicolor,versicolor,versicolor,versicolor,versicolor,Complete,Duplicate
versicolor,versicolor,versicolor,versicolor,versicolor,Complete,Duplicate
versicolor,versicolor,versicolor,versicolor,versicolor,Complete,Duplicate
versicolor,versicolor,versicolor,versicolor,versicolor,Complete,Duplicate
versicolor,versicolor,versicolor,versicolor,versicolor,Complete,Duplicate
versicolor,versicolor,versicolor,versicolor,versicolor,Complete,Duplicate
versicolor,versicolor,versicolor,versicolor,versicolor,Complete,Duplicate
versicolor,versicolor,versicolor,versicolor,versicolor,Complete,Duplicate
versicolor,versicolor,versicolor,versicolor,versicolor,Complete,Duplicate
versicolor,versicolor,versicolor,versicolor,versicolor,Complete,Duplicate
versicolor,versicolor,versicolor,versicolor,versicolor,Complete,Duplicate
versicolor,versicolor,versicolor,versicolor,versicolor,Complete,Duplicate
versicolor,versicolor,versicolor,versicolor,versicolor,Complete,Duplicate
versicolor,versicolor,versicolor,versicolor,versicolor,Complete,Duplicate
versicolor,versicolor,versicolor,versicolor,versicolor,Complete,Duplicate
versicolor,versicolor,versicolor,versicolor,versicolor,Complete,Duplicate
versicolor,versicolor,versicolor,versicolor,versicolor,Complete,Duplicate
versicolor,versicolor,versicolor,versicolor,versicolor,Complete,Duplicate
versicolor,versicolor,versicolor,versicolor,versicolor,Complete,Duplicate
versicolor,versicolor,versicolor,versicolor,versicolor,Complete,Duplicate
versicolor,versicolor,versicolor,versicolor,versicolor,Complete,Duplicate
versicolor,versicolor,versicolor,versicolor,versicolor,Complete,Duplicate
versicolor,versicolor,versicolor,versicolor,versicolor,Complete,Duplicate
virginica,virginica,virginica,virginica,virginica,Complete,Unique
virginica,virginica,virginica,virginica,virginica,Complete,Duplicate
virginica,virginica,virginica,virginica,virginica,Complete,Duplicate
virginica,virginica,virginica,virginica,virginica,Complete,Duplicate
virginica,virginica,virginica,virginica,virginica,Complete,Duplicate
virginica,virginica,virginica,virginica,virginica,Complete,Duplicate
virginica,virginica,virginica,virginica,virginica,Complete,Duplicate
virginica,virginica,virginica,virginica,virginica,Complete,Duplicate
virginica,virginica,virginica,virginica,virginica,Complete,Duplicate
virginica,virginica,virginica,virginica,virginica,Complete,Duplicate
virginica,virginica,virginica,virginica,virginica,Complete,Duplicate
virginica,virginica,virginica,virginica,virginica,Complete,Duplicate
virginica,virginica,virginica,virginica,virginica,Complete,Duplicate
virginica,virginica,virginica,virginica,virginica,Complete,Duplicate
virginica,virginica,virginica,virginica,virginica,Complete,Duplicate
virginica,virginica,virginica,virginica,virginica,Complete,Duplicate
virginica,virginica,virginica,virginica,virginica,Complete,Duplicate
virginica,virginica,virginica,virginica,virginica,Complete,Duplicate
virginica,virginica,virginica,virginica,virginica,Complete,Duplicate
virginica,virginica,virginica,virginica,virginica,Complete,Duplicate
virginica,virginica,virginica,virginica,virginica,Complete,Duplicate
virginica,virginica,virginica,virginica,virginica,Complete,Duplicate
virginica,virginica,virginica,virginica,virginica,Complete,Duplicate
virginica,virginica,virginica,virginica,virginica,Complete,Duplicate
virginica,virginica,virginica,virginica,virginica,Complete,Duplicate
virginica,virginica,virginica,virginica,virginica,Complete,Duplicate
virginica,virginica,virginica,virginica,virginica,Complete,Duplicate
virginica,virginica,virginica,virginica,virginica,Complete,Duplicate
virginica,virginica,virginica,virginica,virginica,Complete,Duplicate
virginica,virginica,virginica,virginica,virginica,Complete,Duplicate
virginica,virginica,virginica,virginica,virginica,Complete,Duplicate
virginica,virginica,virginica,virginica,virginica,Complete,Duplicate
virginica,virginica,virginica,virginica,virginica,Complete,Duplicate
virginica,virginica,virginica,virginica,virginica,Complete,Duplicate
virginica,virginica,virginica,virginica,virginica,Complete,Duplicate
virginica,virginica,virginica,virginica,virginica,Complete,Duplicate
virginica,virginica,virginica,virginica,virginica,Complete,Duplicate
virginica,virginica,virginica,virginica,virginica,Complete,Duplicate
virginica,virginica,virginica,virginica,virginica,Complete,Duplicate
virginica,virginica,virginica,virginica,virginica,Complete,Duplicate
virginica,virginica,virginica,virginica,virginica,Complete,Duplicate
virginica,virginica,virginica,virginica,virginica,Complete,Duplicate
virginica,virginica,virginica,virginica,virginica,Complete,Duplicate
virginica,virginica,virginica,virginica,virginica,Complete,Duplicate
virginica,virginica,virginica,virginica,virginica,Complete,Duplicate
virginica,virginica,virginica,virginica,virginica,Complete,Duplicate
virginica,virginica,virginica,virginica,virginica,Complete,Duplicate
virginica,virginica,virginica,virginica,virginica,Complete,Duplicate
virginica,virginica,virginica,virginica,virginica,Complete,Duplicate
virginica,virginica,virginica,virginica,virginica,Complete,Duplicate
